Season,No_Overall,No_Season,Title,Director,Writer,Original_Air_Date,Prod_code,US_Viewers_Mil
1,1,1,"""The Pilot""[a]",James Burrows,David Crane & Marta Kauffman,22-Sep-94,456650,21.5[3]
1,2,2,"""The One with the Sonogram at the End""",James Burrows,David Crane & Marta Kauffman,29-Sep-94,456652,20.2[3]
1,3,3,"""The One with the Thumb""",James Burrows,Jeffrey Astrof & Mike Sikowitz,6-Oct-94,456651,19.5[3]
1,4,4,"""The One with George Stephanopoulos""",James Burrows,Alexa Junge,13-Oct-94,456654,19.7[3]
1,5,5,"""The One with the East German Laundry Detergent""",Pamela Fryman,Jeff Greenstein & Jeff Strauss,20-Oct-94,456653,18.6[3]
1,6,6,"""The One with the Butt""",Arlene Sanford,Adam Chase & Ira Ungerleider,27-Oct-94,456655,18.2[3]
1,7,7,"""The One with the Blackout""",James Burrows,Jeffrey Astrof & Mike Sikowitz,3-Nov-94,456656,23.5[3]
1,8,8,"""The One Where Nana Dies Twice""",James Burrows,Marta Kauffman & David Crane,10-Nov-94,456657,21.1[3]
1,9,9,"""The One Where Underdog Gets Away""",James Burrows,Jeff Greenstein & Jeff Strauss,17-Nov-94,456659,23.1[3]
1,10,10,"""The One with the Monkey""",Peter Bonerz,Adam Chase & Ira Ungerleider,15-Dec-94,456661,19.9[4]
1,11,11,"""The One with Mrs. Bing""",James Burrows,Alexa Junge,5-Jan-95,456660,26.6[4]
1,12,12,"""The One with the Dozen Lasagnas""",Paul Lazarus,Jeffrey Astrof & Mike Sikowitz & Adam Chase & Ira Ungerleider,12-Jan-95,456658,24.0[4]
1,13,13,"""The One with the Boobies""",Alan Myerson,Alexa Junge,19-Jan-95,456664,25.8[4]
1,14,14,"""The One with the Candy Hearts""",James Burrows,Bill Lawrence,9-Feb-95,456667,23.8[4]
1,15,15,"""The One with the Stoned Guy""",Alan Myerson,Jeff Greenstein & Jeff Strauss,16-Feb-95,456663,24.8[4]
1,16,16,"""The One with Two Parts: Part 1""",Michael Lembeck,Marta Kauffman & David Crane,23-Feb-95,456665A,26.1[4]
1,17,17,"""The One with Two Parts: Part 2""",Michael Lembeck,Marta Kauffman & David Crane,23-Feb-95,456665B,30.5[4]
1,18,18,"""The One with All the Poker""",James Burrows,Jeffrey Astrof & Mike Sikowitz,2-Mar-95,456662,30.4[4]
1,19,19,"""The One Where the Monkey Gets Away""",Peter Bonerz,Jeffrey Astrof & Mike Sikowitz,9-Mar-95,456668,29.4[5]
1,20,20,"""The One with the Evil Orthodontist""",Peter Bonerz,Doty Abrams,6-Apr-95,456669,30.0[5]
1,21,21,"""The One with the Fake Monica""",Gail Mancuso,Adam Chase & Ira Ungerleider,27-Apr-95,456671,28.4[5]
1,22,22,"""The One with the Ick Factor""",Robby Benson,Alexa Junge,4-May-95,456670,29.9[5]
1,23,23,"""The One with the Birth""",James Burrows,Story by : David Crane & Marta Kauffman. Teleplay by : Jeff Greenstein & Jeff Strauss,11-May-95,456672,28.7[5]
1,24,24,"""The One Where Rachel Finds Out""",Kevin S. Bright,Chris Brown,18-May-95,456673,31.3[5]
2,25,1,"""The One with Ross's New Girlfriend""",Michael Lembeck,Jeffrey Astrof & Mike Sikowitz,21-Sep-95,457301,32.1[6]
2,26,2,"""The One with the Breast Milk""",Michael Lembeck,Adam Chase & Ira Ungerleider,28-Sep-95,457302,29.8[6]
2,27,3,"""The One Where Heckles Dies""",Kevin S. Bright,Michael Curtis & Gregory S. Malins,5-Oct-95,457303,30.2[6]
2,28,4,"""The One with Phoebe's Husband""",Gail Mancuso,Alexa Junge,12-Oct-95,457305,28.1[6]
2,29,5,"""The One with Five Steaks and an Eggplant""",Ellen Gittelsohn,Chris Brown,19-Oct-95,457304,28.3[6]
2,30,6,"""The One with the Baby on the Bus""",Gail Mancuso,Betsy Borns,2-Nov-95,457306,30.2[6]
2,31,7,"""The One Where Ross Finds Out""",Peter Bonerz,Michael Borkow,9-Nov-95,457307,30.5[6]
2,32,8,"""The One with the List""",Mary Kay Place,David Crane & Marta Kauffman,16-Nov-95,457308,32.9[6]
2,33,9,"""The One with Phoebe's Dad""",Kevin S. Bright,Jeffrey Astrof & Mike Sikowitz,14-Dec-95,457309,27.8[6]
2,34,10,"""The One with Russ""",Thomas Schlamme,Ira Ungerleider,4-Jan-96,457311,32.2[6]
2,35,11,"""The One with the Lesbian Wedding""",Thomas Schlamme,Doty Abrams,18-Jan-96,457312,31.6[6]
2,36,12,"""The One After the Superbowl"" (Pt I)",Michael Lembeck,Jeffrey Astrof & Mike Sikowitz,28-Jan-96,457313,52.9[6]
2,37,13,"""The One After the Superbowl"" (Pt II)",Michael Lembeck,Michael Borkow,28-Jan-96,457314,52.9[6]
2,38,14,"""The One with the Prom Video""",James Burrows,Alexa Junge,1-Feb-96,457310,33.6[6]
2,39,15,"""The One Where Ross and Rachel...You Know""",Michael Lembeck,Michael Curtis & Gregory S. Malins,8-Feb-96,457315,32.9[6]
2,40,16,"""The One Where Joey Moves Out""",Michael Lembeck,Betsy Borns,15-Feb-96,457316,31.1[6]
2,41,17,"""The One Where Eddie Moves In""",Michael Lembeck,Adam Chase,22-Feb-96,457317,30.2[6]
2,42,18,"""The One Where Dr. Ramoray Dies""",Michael Lembeck,Story by : Alexa Junge. Teleplay by : Michael Borkow,21-Mar-96,457318,30.1[6]
2,43,19,"""The One Where Eddie Won't Go""",Michael Lembeck,Michael Curtis & Gregory S. Malins,28-Mar-96,457319,31.2[6]
2,44,20,"""The One Where Old Yeller Dies""",Michael Lembeck,Story by : Michael Curtis & Gregory S. Malins. Teleplay by : Adam Chase,4-Apr-96,457320,27.4[6]
2,45,21,"""The One with the Bullies""",Michael Lembeck,Brian Buckner & Sebastian Jones,25-Apr-96,457321,24.7[6]
2,46,22,"""The One with the Two Parties""",Michael Lembeck,Alexa Junge,2-May-96,457322,25.5[6]
2,47,23,"""The One with the Chicken Pox""",Michael Lembeck,Brown Mandell,9-May-96,457324,26.1[6]
2,48,24,"""The One with Barry and Mindy's Wedding""",Michael Lembeck,Story by : Ira Ungerleider. Teleplay by : Brown Mandell,16-May-96,457323,29.0[6]
3,49,1,"""The One with the Princess Leia Fantasy""",Gail Mancuso,Michael Curtis & Gregory S. Malins,19-Sep-96,465251,26.8[7]
3,50,2,"""The One Where No One's Ready""",Gail Mancuso,Ira Ungerleider,26-Sep-96,465252,26.7[7]
3,51,3,"""The One with the Jam""",Kevin S. Bright,Wil Calhoun,3-Oct-96,465253,25.2[7]
3,52,4,"""The One with the Metaphorical Tunnel""",Steve Zuckerman,Alexa Junge,10-Oct-96,465254,26.1[7]
3,53,5,"""The One with Frank Jr.""",Steve Zuckerman,Shana Goldberg-Meehan & Scott Silveri,17-Oct-96,465255,23.3[7]
3,54,6,"""The One with the Flashback""",Peter Bonerz,David Crane & Marta Kauffman,31-Oct-96,465256,23.3[7]
3,55,7,"""The One with the Race Car Bed""",Gail Mancuso,Seth Kurland,7-Nov-96,465257,27.4[7]
3,56,8,"""The One with the Giant Poking Device""",Gail Mancuso,Adam Chase,14-Nov-96,465258,28.7[7]
3,57,9,"""The One with the Football""",Kevin S. Bright,Ira Ungerleider,21-Nov-96,465259,29.3[7]
3,58,10,"""The One Where Rachel Quits""",Terry Hughes,Gregory S. Malins & Michael Curtis,12-Dec-96,465260,25.1[7]
3,59,11,"""The One Where Chandler Can't Remember Which Sister""",Terry Hughes,Alexa Junge,9-Jan-97,465261,29.8[7]
3,60,12,"""The One with All the Jealousy""",Robby Benson,Doty Abrams,16-Jan-97,465262,29.6[7]
3,61,13,"""The One Where Monica and Richard Are Just Friends""",Robby Benson,Michael Borkow,30-Jan-97,465265,28.0[7]
3,62,14,"""The One with Phoebe's Ex-Partner""",Robby Benson,Wil Calhoun,6-Feb-97,465266,28.9[7]
3,63,15,"""The One Where Ross and Rachel Take a Break""",James Burrows,Michael Borkow,13-Feb-97,465263,27.3[7]
3,64,16,"""The One with the Morning After""",James Burrows,David Crane & Marta Kauffman,20-Feb-97,465264,28.3[7]
3,65,17,"""The One Without the Ski Trip""",Sam Simon,Shana Goldberg-Meehan & Scott Silveri,6-Mar-97,465267,25.8[7]
3,66,18,"""The One with the Hypnosis Tape""",Robby Benson,Seth Kurland,13-Mar-97,465269,28.1[7]
3,67,19,"""The One with the Tiny T-Shirt""",Terry Hughes,Adam Chase,27-Mar-97,465268,23.7[7]
3,68,20,"""The One with the Dollhouse""",Terry Hughes,Wil Calhoun,10-Apr-97,465270,24.4[7]
3,69,21,"""The One with a Chick and a Duck""",Michael Lembeck,Chris Brown,17-Apr-97,465271,23.2[7]
3,70,22,"""The One with the Screamer""",Peter Bonerz,Shana Goldberg-Meehan & Scott Silveri,24-Apr-97,465272,22.6[7]
3,71,23,"""The One with Ross's Thing""",Shelley Jensen,Ted Cohen & Andrew Reich,1-May-97,465274,24.2[7]
3,72,24,"""The One with the Ultimate Fighting Champion""",Robby Benson,Story by : Pang-Ni Landrum & Mark Kunerth,8-May-97,465273,23.1[7]
3,73,25,"""The One at the Beach""",Pamela Fryman,Story by : Pang-Ni Landrum & Mark Kunerth. Teleplay by : Adam Chase,15-May-97,465275,28.8[7]
4,74,1,"""The One with the Jellyfish""",Shelley Jensen,Wil Calhoun,25-Sep-97,466601,29.4[8]
4,75,2,"""The One with the Cat""",Shelley Jensen,Jill Condon & Amy Toomin,2-Oct-97,466602,25.5[8]
4,76,3,"""The One with the Cuffs""",Peter Bonerz,Seth Kurland,9-Oct-97,466603,24.0[8]
4,77,4,"""The One with the Ballroom Dancing""",Gail Mancuso,Ted Cohen & Andrew Reich,16-Oct-97,466604,24.3[8]
4,78,5,"""The One with Joey's New Girlfriend""",Gail Mancuso,Gregory S. Malins & Michael Curtis,30-Oct-97,466605,24.4[8]
4,79,6,"""The One with the Dirty Girl""",Shelley Jensen,Shana Goldberg-Meehan & Scott Silveri,6-Nov-97,466606,25.7[8]
4,80,7,"""The One Where Chandler Crosses the Line""",Kevin S. Bright,Adam Chase,13-Nov-97,466607,26.4[8]
4,81,8,"""The One with Chandler in a Box""",Peter Bonerz,Michael Borkow,20-Nov-97,466608,26.8[8]
4,82,9,"""The One Where They're Going to Party!""",Peter Bonerz,Ted Cohen & Andrew Reich,11-Dec-97,466609,23.9[8]
4,83,10,"""The One with the Girl from Poughkeepsie""",Gary Halvorson,Scott Silveri,18-Dec-97,466612,23.2[8]
4,84,11,"""The One with Phoebe's Uterus""",David Steinberg,Seth Kurland,8-Jan-98,466610,23.7[8]
4,85,12,"""The One with the Embryos""",Kevin S. Bright,Jill Condon & Amy Toomin,15-Jan-98,466611,27.1[8]
4,86,13,"""The One with Rachel's Crush""",Dana DeVally Piazza,Shana Goldberg-Meehan,29-Jan-98,466613,25.3[8]
4,87,14,"""The One with Joey's Dirty Day""",Peter Bonerz,Wil Calhoun,5-Feb-98,466614,25.1[8]
4,88,15,"""The One with All the Rugby""",James Burrows,Story by : Ted Cohen & Andrew Reich. Teleplay by : Wil Calhoun,26-Feb-98,466617,24.4[8]
4,89,16,"""The One with the Fake Party""",Michael Lembeck,Story by : Alicia Sky Varinaitis. Teleplay by : Scott Silveri & Shana Goldberg-Meehan,19-Mar-98,466615,23.1[8]
4,90,17,"""The One with the Free Porn""",Michael Lembeck,Story by : Mark Kunerth. Teleplay by : Richard Goodman,26-Mar-98,466616,23.2[8]
4,91,18,"""The One with Rachel's New Dress""",Gail Mancuso,Story by : Andrew Reich & Ted Cohen. Teleplay by : Jill Condon & Amy Toomin,2-Apr-98,466620,21.7[8]
4,92,19,"""The One with All the Haste""",Kevin S. Bright,Scott Silveri & Wil Calhoun,9-Apr-98,466618,21.8[8]
4,93,20,"""The One with All the Wedding Dresses""",Gail Mancuso,Story by : Adam Chase. Teleplay by : Gregory S. Malins & Michael Curtis,16-Apr-98,466621,21.9[8]
4,94,21,"""The One with the Invitation""",Peter Bonerz,Seth Kurland,23-Apr-98,466619,21.5[8]
4,95,22,"""The One with the Worst Best Man Ever""",Peter Bonerz,Story by : Seth Kurland. Teleplay by : Gregory S. Malins & Michael Curtis,30-Apr-98,466622,23.2[8]
4,96,23,"""The One with Ross's Wedding"" (Pt I)",Kevin S. Bright,Michael Borkow,7-May-98,466623,31.6[8]
4,97,24,"""The One with Ross's Wedding"" (Pt II)",Kevin S. Bright,Story by : Jill Condon & Amy Toomin,7-May-98,466624,31.6[8]
5,98,1,"""The One After Ross Says Rachel""",Kevin S. Bright,Seth Kurland,24-Sep-98,467651,31.1[9]
5,99,2,"""The One with All the Kissing""",Gary Halvorson,Wil Calhoun,1-Oct-98,467652,25.4[9]
5,100,3,"""The One with the Triplets""",Kevin S. Bright,David Crane & Marta Kauffman,8-Oct-98,467653,26.8[9]
5,101,4,"""The One Where Phoebe Hates PBS""",Shelley Jensen,Michael Curtis,15-Oct-98,467654,24.1[9]
5,102,5,"""The One with the Kips""",Dana DeValley Piazza,Scott Silveri,29-Oct-98,467655,25.9[9]
5,103,6,"""The One with the Yeti""",Gary Halvorson,Alexa Junge,5-Nov-98,467656,25.0[9]
5,104,7,"""The One Where Ross Moves In""",Gary Halvorson,Gigi McCreery & Perry Rein,12-Nov-98,467657,24.4[9]
5,105,8,"""The One with All the Thanksgivings""",Kevin S. Bright,Gregory S. Malins,19-Nov-98,467659,23.9[9]
5,106,9,"""The One with Ross's Sandwich""",Gary Halvorson,Ted Cohen & Andrew Reich,10-Dec-98,467658,23.0[9]
5,107,10,"""The One with the Inappropriate Sister""",Dana DeValley Piazza,Shana Goldberg-Meehan,17-Dec-98,467661,23.7[9]
5,108,11,"""The One with All the Resolutions""",Joe Regalbuto,Story by : Brian Boyle. Teleplay by : Suzie Villandry,7-Jan-99,467660,27.0[9]
5,109,12,"""The One with Chandler's Work Laugh""",Kevin S. Bright,Alicia Sky Varinaitis,21-Jan-99,467663,24.8[9]
5,110,13,"""The One with Joey's Bag""",Gail Mancuso,Story by : Michael Curtis. Teleplay by : Seth Kurland,4-Feb-99,467662,24.9[9]
5,111,14,"""The One Where Everybody Finds Out""",Michael Lembeck,Alexa Junge,11-Feb-99,467664,27.7[9]
5,112,15,"""The One with the Girl Who Hits Joey""",Kevin S. Bright,Adam Chase,18-Feb-99,467665,29.3[9]
5,113,16,"""The One with the Cop""",Andrew Tsao,Story by : Alicia Sky Varinaitis. Teleplay by : Gigi McCreery & Perry Rein,25-Feb-99,467666,26.0[9]
5,114,17,"""The One with Rachel's Inadvertent Kiss""",Shelley Jensen,Andrew Reich & Ted Cohen,18-Mar-99,467667,24.5[9]
5,115,18,"""The One Where Rachel Smokes""",Todd Holland,Michael Curtis,8-Apr-99,467668,21.9[9]
5,116,19,"""The One Where Ross Can't Flirt""",Gail Mancuso,Doty Abrams,22-Apr-99,467669,20.9[9]
5,117,20,"""The One with the Ride-Along""",Gary Halvorson,Shana Goldberg-Meehan & Seth Kurland,29-Apr-99,467670,19.6[9]
5,118,21,"""The One with the Ball""",Gary Halvorson,Story by : Scott Silveri. Teleplay by : Gregory S. Malins. ,6-May-99,467671,20.9[9]
5,119,22,"""The One with Joey's Big Break""",Gary Halvorson,Story by : Shana Goldberg-Meehan. Teleplay by : Wil Calhoun. ,13-May-99,467672,21.3[9]
5,120,23,"""The One in Vegas"" (Pt I)",Kevin S. Bright,Ted Cohen & Andrew Reich,20-May-99,467673,25.9[9]
5,121,24,"""The One in Vegas"" (Pt II)",Kevin S. Bright,Gregory S. Malins & Scott Silveri,20-May-99,467674,25.9[9]
6,122,1,"""The One After Vegas""",Kevin S. Bright,Adam Chase,23-Sep-99,225551,27.7[10]
6,123,2,"""The One Where Ross Hugs Rachel""",Gail Mancuso,Shana Goldberg-Meehan,30-Sep-99,225552,22.9[10]
6,124,3,"""The One with Ross's Denial""",Gary Halvorson,Seth Kurland,7-Oct-99,225553,21.6[10]
6,125,4,"""The One Where Joey Loses His Insurance""",Gary Halvorson,Andrew Reich & Ted Cohen,14-Oct-99,225554,21.1[10]
6,126,5,"""The One with Joey's Porsche""",Gary Halvorson,Perry Rein & Gigi McCreery,21-Oct-99,225555,22.4[10]
6,127,6,"""The One on the Last Night""",David Schwimmer,Scott Silveri,4-Nov-99,225556,23.6[10]
6,128,7,"""The One Where Phoebe Runs""",Gary Halvorson,Sherry Bilsing-Graham & Ellen Plummer,11-Nov-99,225557,22.7[10]
6,129,8,"""The One with Ross's Teeth""",Gary Halvorson,Story by : Andrew Reich & Ted Cohen. Teleplay by : Perry Rein & Gigi McCreery,18-Nov-99,225558,22.1[10]
6,130,9,"""The One Where Ross Got High""",Kevin S. Bright,Gregory S. Malins,25-Nov-99,225559,19.2[10]
6,131,10,"""The One with the Routine""",Kevin S. Bright,Brian Boyle,16-Dec-99,225561,22.4[10]
6,132,11,"""The One with the Apothecary Table""",Kevin S. Bright,Story by : Zachary Rosenblatt. Teleplay by : Brian Boyle. ,6-Jan-00,225560,22.3[10]
6,133,12,"""The One with the Joke""",Gary Halvorson,Story by : Shana Goldberg-Meehan. Teleplay by : Wil Calhoun. ,13-Jan-00,225562,22.3[10]
6,134,13,"""The One with Rachel's Sister""",Gary Halvorson,Story by : Seth Kurland. Teleplay by : Sherry Bilsing-Graham & Ellen Plummer. ,3-Feb-00,225563,24.1[10]
6,135,14,"""The One Where Chandler Can't Cry""",Kevin S. Bright,Andrew Reich & Ted Cohen,10-Feb-00,225564,23.8[10]
6,136,15,"""The One That Could Have Been"" (Pt I)",Michael Lembeck,Gregory S. Malins & Adam Chase,17-Feb-00,225565,20.7[10]
6,137,16,"""The One That Could Have Been"" (Pt II)",Michael Lembeck,David Crane & Marta Kauffman,17-Feb-00,225566,20.7[10]
6,138,17,"""The One with Unagi""",Gary Halvorson,Story by : Zachary Rosenblatt. Teleplay by : Adam Chase,24-Feb-00,225568,22.1[10]
6,139,18,"""The One Where Ross Dates a Student""",Gary Halvorson,Seth Kurland,9-Mar-00,225567,20.5[10]
6,140,19,"""The One with Joey's Fridge""",Ben Weiss,Story by : Seth Kurland. Teleplay by : Gigi McCreery & Perry Rein. ,23-Mar-00,225569,21.5[10]
6,141,20,"""The One with Mac and C.H.E.E.S.E.""",Kevin S. Bright,Doty Abrams,13-Apr-00,225575,18.8[10]
6,142,21,"""The One Where Ross Meets Elizabeth's Dad""",Michael Lembeck,Story by : David J. Lagana. Teleplay by : Scott Silveri. ,27-Apr-00,225570,20.6[10]
6,143,22,"""The One Where Paul's the Man""",Gary Halvorson,Story by : Brian Caldirola. Teleplay by : Sherry Bilsing-Graham & Ellen Plummer. ,4-May-00,225571,20.0[10]
6,144,23,"""The One with the Ring""",Gary Halvorson,Ted Cohen & Andrew Reich,11-May-00,225572,20.9[10]
6,145,24,"""The One with the Proposal"" (Pt I)",Kevin S. Bright,Shana Goldberg-Meehan & Scott Silveri,18-May-00,225573,30.7[10]
6,146,25,"""The One with the Proposal"" (Pt II)",Kevin S. Bright,Andrew Reich & Ted Cohen,18-May-00,225574,30.7[10]
7,147,1,"""The One with Monica's Thunder""",Kevin S. Bright,Story by : Wil Calhoun. Teleplay by : David Crane & Marta Kauffman. ,12-Oct-00,226401,25.54[11]
7,148,2,"""The One with Rachel's Book""",Michael Lembeck,Andrew Reich & Ted Cohen,12-Oct-00,226402,27.93[11]
7,149,3,"""The One with Phoebe's Cookies""",Gary Halvorson,Sherry Bilsing & Ellen Plummer,19-Oct-00,226405,22.70[11]
7,150,4,"""The One with Rachel's Assistant""",David Schwimmer,Brian Boyle,26-Oct-00,226403,22.66[11]
7,151,5,"""The One with the Engagement Picture""",Gary Halvorson,Story by : Earl Davis. Teleplay by : Patty Lin. ,2-Nov-00,226404,24.43[11]
7,152,6,"""The One with the Nap Partners""",Gary Halvorson,Brian Buckner & Sebastian Jones,9-Nov-00,226406,22.01[11]
7,153,7,"""The One with Ross's Library Book""",David Schwimmer,Scott Silveri,16-Nov-00,226410,23.73[11]
7,154,8,"""The One Where Chandler Doesn't Like Dogs""",Kevin S. Bright,Patty Lin,23-Nov-00,226407,16.57[11]
7,155,9,"""The One with All the Candy""",David Schwimmer,Wil Calhoun,7-Dec-00,226408,21.08[11]
7,156,10,"""The One with the Holiday Armadillo""",Gary Halvorson,Gregory S. Malins,14-Dec-00,226409,23.26[11]
7,157,11,"""The One with All the Cheesecakes""",Gary Halvorson,Shana Goldberg-Meehan,4-Jan-01,226412,24.37[11]
7,158,12,"""The One Where They're Up All Night""",Kevin S. Bright,Zachary Rosenblatt,11-Jan-01,226413,22.86[11]
7,159,13,"""The One Where Rosita Dies""",Stephen Prime,Story by : Ellen Plummer & Sherry Bilsing. Teleplay by : Brian Buckner & Sebastian Jones. ,1-Feb-01,226415,22.24[11]
7,160,14,"""The One Where They All Turn Thirty""",Ben Weiss,Story by : Vanessa McCarthy. Teleplay by : Ellen Plummer & Sherry Bilsing. ,8-Feb-01,226411,22.40[11]
7,161,15,"""The One with Joey's New Brain""",Kevin S. Bright,Story by : Sherry Bilsing & Ellen Plummer. Teleplay by : Andrew Reich & Ted Cohen. ,15-Feb-01,226416,21.75[11]
7,162,16,"""The One with the Truth About London""",David Schwimmer,Story by : Brian Buckner & Sebastian Jones. Teleplay by : Zachary Rosenblatt. ,22-Feb-01,226417,21.22[11]
7,163,17,"""The One with the Cheap Wedding Dress""",Kevin S. Bright,Story by : Brian Buckner & Sebastian Jones. Teleplay by : Andrew Reich & Ted Cohen. ,15-Mar-01,226414,20.84[11]
7,164,18,"""The One with Joey's Award""",Gary Halvorson,Story by : Sherry Bilsing & Ellen Plummer. Teleplay by : Brian Boyle. ,29-Mar-01,226418,17.81[11]
7,165,19,"""The One with Ross and Monica's Cousin""",Gary Halvorson,Andrew Reich & Ted Cohen,19-Apr-01,226421,16.55[11]
7,166,20,"""The One with Rachel's Big Kiss""",Gary Halvorson,Scott Silveri & Shana Goldberg-Meehan,26-Apr-01,226419,16.30[11]
7,167,21,"""The One with the Vows""",Gary Halvorson,Doty Abrams,3-May-01,226424,15.65[11]
7,168,22,"""The One with Chandler's Dad""",Kevin S. Bright & Gary Halvorson,Story by : Gregory S. Malins. Teleplay by : Brian Buckner & Sebastian Jones. ,10-May-01,226420,17.23[11]
7,169,23,"""The One with Monica and Chandler's Wedding"" (Pt I)",Kevin S. Bright,Gregory S. Malins,17-May-01,226422,30.05[11]
7,170,24,"""The One with Monica and Chandler's Wedding"" (Pt II)",Kevin S. Bright,Marta Kauffman & David Crane,17-May-01,226423,30.05[11]
8,171,1,"""The One After 'I Do'""",Kevin S. Bright,David Crane & Marta Kauffman,27-Sep-01,227401,31.70[12]
8,172,2,"""The One with the Red Sweater""",David Schwimmer,Dana Klein Borkow,4-Oct-01,227402,30.04[12]
8,173,3,"""The One Where Rachel Tells...""",Sheldon Epps,Sherry Bilsing & Ellen Plummer,11-Oct-01,227403,29.20[12]
8,174,4,"""The One with the Videotape""",Kevin S. Bright,Scott Silveri,18-Oct-01,227406,25.58[12]
8,175,5,"""The One with Rachel's Date""",Gary Halvorson,Brian Buckner & Sebastian Jones,25-Oct-01,227404,25.64[12]
8,176,6,"""The One with the Halloween Party""",Gary Halvorson,Mark Kunerth,1-Nov-01,227405,26.96[12]
8,177,7,"""The One with the Stain""",Kevin S. Bright,R. Lee Fleming Jr.,8-Nov-01,227407,24.24[12]
8,178,8,"""The One with the Stripper""",David Schwimmer,Andrew Reich & Ted Cohen,15-Nov-01,227408,26.54[12]
8,179,9,"""The One with the Rumor""",Gary Halvorson,Shana Goldberg-Meehan,22-Nov-01,227410,24.24[12]
8,180,10,"""The One with Monica's Boots""",Kevin S. Bright,Story by : Robert Carlock. Teleplay by : Brian Buckner & Sebastian Jones. ,6-Dec-01,227409,22.44[12]
8,181,11,"""The One with Ross's Step Forward""",Gary Halvorson,Robert Carlock,13-Dec-01,227411,23.85[12]
8,182,12,"""The One Where Joey Dates Rachel""",David Schwimmer,Sherry Bilsing-Graham & Ellen Plummer,10-Jan-02,227412,25.53[12]
8,183,13,"""The One Where Chandler Takes a Bath""",Ben Weiss,Vanessa McCarthy,17-Jan-02,227413,29.24[12]
8,184,14,"""The One with the Secret Closet""",Kevin S. Bright,Brian Buckner & Sebastian Jones,31-Jan-02,227414,28.64[12]
8,185,15,"""The One with the Birthing Video""",Kevin S. Bright,Dana Klein Borkow,7-Feb-02,227415,28.64[12]
8,186,16,"""The One Where Joey Tells Rachel""",Ben Weiss,Andrew Reich & Ted Cohen,28-Feb-02,227416,27.52[12]
8,187,17,"""The One with the Tea Leaves""",Gary Halvorson,Story by : R. Lee Fleming Jr. Teleplay by : Steven Rosenhaus. ,7-Mar-02,227417,26.30[12]
8,188,18,"""The One in Massapequa""",Gary Halvorson,Story by : Peter Tibbals. Teleplay by : Mark Kunerth. ,28-Mar-02,227418,22.05[12]
8,189,19,"""The One with Joey's Interview""",Gary Halvorson,Doty Abrams,4-Apr-02,227424,22.59[12]
8,190,20,"""The One with the Baby Shower""",Kevin S. Bright,Sherry Bilsing-Graham & Ellen Plummer,25-Apr-02,227421,22.24[12]
8,191,21,"""The One with the Cooking Class""",Gary Halvorson,Story by : Dana Klein Borkow. Teleplay by : Brian Buckner & Sebastian Jones. ,2-May-02,227419,23.97[12]
8,192,22,"""The One Where Rachel Is Late""",Gary Halvorson,Shana Goldberg-Meehan,9-May-02,227420,24.32[12]
8,193,23,"""The One Where Rachel Has a Baby"" (Pt I)",Kevin S. Bright,Scott Silveri,16-May-02,227422,34.91
8,194,24,"""The One Where Rachel Has a Baby"" (Pt II)",Kevin S. Bright,Marta Kauffman & David Crane,16-May-02,227423,34.91
9,195,1,"""The One Where No One Proposes""",Kevin S. Bright,Sherry Bilsing-Graham & Ellen Plummer,26-Sep-02,175251,34.01[13]
9,196,2,"""The One Where Emma Cries""",Sheldon Epps,Dana Klein Borkow,3-Oct-02,175252,28.93[13]
9,197,3,"""The One with the Pediatrician""",Roger Christiansen,Brian Buckner & Sebastian Jones,10-Oct-02,175254,26.63[13]
9,198,4,"""The One with the Sharks""",Ben Weiss,Andrew Reich & Ted Cohen,17-Oct-02,175253,25.82[13]
9,199,5,"""The One with Phoebe's Birthday Dinner""",David Schwimmer,Scott Silveri,31-Oct-02,175255,24.46[13]
9,200,6,"""The One with the Male Nanny""",Kevin S. Bright,David Crane & Marta Kauffman,7-Nov-02,175256,27.51[13]
9,201,7,"""The One with Ross's Inappropriate Song""",Gary Halvorson,Robert Carlock,14-Nov-02,175257,25.35[13]
9,202,8,"""The One with Rachel's Other Sister""",Kevin S. Bright,Shana Goldberg-Meehan,21-Nov-02,175258,26.76[13]
9,203,9,"""The One with Rachel's Phone Number""",Ben Weiss,Mark Kunerth,5-Dec-02,175259,25.43[13]
9,204,10,"""The One with Christmas in Tulsa""",Kevin S. Bright,Doty Abrams,12-Dec-02,175260,22.29[13]
9,205,11,"""The One Where Rachel Goes Back to Work""",Gary Halvorson,Story by : Judd Rubin. Teleplay by : Peter Tibbals. ,9-Jan-03,175261,23.67[13]
9,206,12,"""The One with Phoebe's Rats""",Ben Weiss,Story by : Dana Klein Borkow. Teleplay by : Brian Buckner & Sebastian Jones. ,16-Jan-03,175262,23.66[13]
9,207,13,"""The One Where Monica Sings""",Gary Halvorson,Story by : Sherry Bilsing-Graham & Ellen Plummer. Teleplay by : Steven Rosenhaus. ,30-Jan-03,175263,25.82[13]
9,208,14,"""The One with the Blind Dates""",Gary Halvorson,Sherry Bilsing-Graham & Ellen Plummer,6-Feb-03,175265,23.37[13]
9,209,15,"""The One with the Mugging""",Gary Halvorson,Peter Tibbals,13-Feb-03,175264,20.85[13]
9,210,16,"""The One with the Boob Job""",Gary Halvorson,Mark Kunerth,20-Feb-03,175266,19.52[13]
9,211,17,"""The One with the Memorial Service""",Gary Halvorson,Story by : Robert Carlock. Teleplay by : Brian Buckner & Sebastian Jones. ,13-Mar-03,175267,21.00[13]
9,212,18,"""The One with the Lottery""",Gary Halvorson,Story by : Brian Buckner & Sebastian Jones. Teleplay by : Sherry Bilsing-Graham & Ellen Plummer. ,3-Apr-03,175268,20.79[13]
9,213,19,"""The One with Rachel's Dream""",Terry Hughes,Story by : Dana Klein Borkow. Teleplay by : Mark Kunerth. ,17-Apr-03,175269,18.25[13]
9,214,20,"""The One with the Soap Opera Party""",Sheldon Epps,Story by : Shana Goldberg-Meehan. Teleplay by : Andrew Reich & Ted Cohen. ,24-Apr-03,175270,20.71[13]
9,215,21,"""The One with the Fertility Test""",Gary Halvorson,Story by : Scott Silveri. Teleplay by : Robert Carlock. ,1-May-03,175271,19.03[13]
9,216,22,"""The One with the Donor""",Ben Weiss,Andrew Reich & Ted Cohen,8-May-03,175272,19.55[13]
9,217,23,"""The One in Barbados"" (Pt I)",Kevin S. Bright,Shana Goldberg-Meehan & Scott Silveri,15-May-03,175273,25.46
9,218,24,"""The One in Barbados"" (Pt II)",Kevin S. Bright,Marta Kauffman & David Crane,15-May-03,175274,25.46
10,219,1,"""The One After Joey and Rachel Kiss""",Kevin S. Bright,Andrew Reich & Ted Cohen,25-Sep-03,176251,24.54
10,220,2,"""The One Where Ross Is Fine""",Ben Weiss,Sherry Bilsing-Graham & Ellen Plummer,2-Oct-03,176252,22.38
10,221,3,"""The One with Ross's Tan""",Gary Halvorson,Brian Buckner,9-Oct-03,176253,21.87
10,222,4,"""The One with the Cake""",Gary Halvorson,Robert Carlock,23-Oct-03,176254,18.77
10,223,5,"""The One Where Rachel's Sister Babysits""",Roger Christiansen,Dana Klein Borkow,30-Oct-03,176255,19.37
10,224,6,"""The One with Ross's Grant""",Ben Weiss,Sebastian Jones,6-Nov-03,176256,20.38
10,225,7,"""The One with the Home Study""",Kevin S. Bright,Mark Kunerth,13-Nov-03,176257,20.21
10,226,8,"""The One with the Late Thanksgiving""",Gary Halvorson,Shana Goldberg-Meehan,20-Nov-03,176259,20.66
10,227,9,"""The One with the Birth Mother""",David Schwimmer,Scott Silveri,8-Jan-04,176258,25.49
10,228,10,"""The One Where Chandler Gets Caught""",Gary Halvorson,Doty Abrams,15-Jan-04,176268,26.68
10,229,11,"""The One Where the Stripper Cries""",Kevin S. Bright,David Crane & Marta Kauffman,5-Feb-04,176260,24.91
10,230,12,"""The One with Phoebe's Wedding""",Kevin S. Bright,Robert Carlock & Dana Klein Borkow,12-Feb-04,176262,25.9
10,231,13,"""The One Where Joey Speaks French""",Gary Halvorson,Sherry Bilsing-Graham & Ellen Plummer,19-Feb-04,176261,24.27
10,232,14,"""The One with Princess Consuela""",Gary Halvorson,Story by : Robert Carlock. Teleplay by : Tracy Reilly. ,26-Feb-04,176263,22.83
10,233,15,"""The One Where Estelle Dies""",Gary Halvorson,Story by : Mark Kunerth. Teleplay by : David Crane & Marta Kauffman. ,22-Apr-04,176264,22.64
10,234,16,"""The One with Rachel's Going Away Party""",Gary Halvorson,Andrew Reich & Ted Cohen,29-Apr-04,176265,24.51
10,235,17,"""The Last One"" (Pt I)",Kevin S. Bright,Marta Kauffman & David Crane,6-May-04,176266,52.46
10,236,18,"""The Last One"" (Pt II)",Kevin S. Bright,Marta Kauffman & David Crane,6-May-04,176267,52.46